Top queries,Clicks,Impressions,CTR,Position
jsonreader online,15,140,10.71%,3.91
json reader,1,231,0.43%,55.03
json parser online,0,1042,0%,44.66
json parser,0,698,0%,87.48
json minify,0,529,0%,65.03
json reader online,0,513,0%,36.37
minify json,0,478,0%,68.05
compare json online,0,438,0%,59.57
json compare online,0,364,0%,64.81
json parse online,0,288,0%,54.7
online json parser,0,226,0%,47.34
json minify online,0,202,0%,66.61
json diff online,0,166,0%,33.56
parse json online,0,156,0%,54.08
online json compare,0,156,0%,59.93
json diff checker,0,128,0%,50.32
json decode online,0,124,0%,77.56
json diff,0,113,0%,66.04
minify json online,0,99,0%,49.03
json online parser,0,96,0%,49.84
online json diff,0,74,0%,42.93
jsonparseronline,0,57,0%,49.39
online compare json,0,45,0%,64.2
jsondiff,0,43,0%,64.33
how to minify json,0,42,0%,88.1
jsonreader,0,38,0%,20.34
json compiler,0,38,0%,30.32
json viewer online,0,38,0%,72.08
json readable online,0,34,0%,46.94
compare json objects online,0,34,0%,55.59
json object validator,0,34,0%,68.82
online json reader,0,33,0%,38.73
diff json online,0,29,0%,40.66
js compiler,0,27,0%,80
json.parse online,0,26,0%,58.81
jsonparser online,0,25,0%,45.96
parser json,0,24,0%,73.79
diff checker json,0,22,0%,44.73
contact.json,0,22,0%,52.82
json difference online,0,21,0%,62.81
json minifier,0,20,0%,94.65
online json parse,0,19,0%,42.11
json parsing online,0,18,0%,54.89
diffchecker json,0,16,0%,13.25
jscompiler,0,16,0%,62.5
jsonparser,0,16,0%,63.94
json diffchecker,0,15,0%,11.4
json object parser,0,14,0%,78.21
js parser online,0,13,0%,50.54
json online reader,0,13,0%,54.08
diff json,0,13,0%,64
online minify json,0,12,0%,58.92
compare 2 json online,0,12,0%,77.83
json minimize,0,12,0%,80.67
minified json,0,12,0%,84.33
compare json object online,0,11,0%,39.45
online parse json,0,11,0%,56.27
json interpreter,0,11,0%,68.64
json comparison tool,0,10,0%,80.7
online json decoder,0,10,0%,82.5
json decoder online,0,10,0%,85.5
jsondiff online,0,9,0%,26.11
json diff check,0,9,0%,54.11
json minified,0,9,0%,77.11
json online diff,0,8,0%,42.38
json diff javascript,0,8,0%,51.62
json diff tool,0,8,0%,69.25
json difference checker,0,8,0%,73.62
minimize json,0,8,0%,73.62
json checker,0,8,0%,78
diff checker online,0,8,0%,89.62
.json reader,0,7,0%,49.43
online json parser formatter,0,7,0%,52.71
online parser json,0,7,0%,57.29
json comparator online,0,7,0%,59.86
read json online,0,7,0%,60.43
json online viewer,0,7,0%,87.29
json diff checker online,0,6,0%,27.17
jsonminify,0,6,0%,56.33
comparar json online,0,6,0%,73
json compare online tool,0,6,0%,74
json corrector online,0,6,0%,84.5
diff online json,0,5,0%,41.8
json validator js,0,5,0%,42
online json comparator,0,5,0%,54.4
jsondif,0,5,0%,54.8
online json compiler,0,5,0%,61.4
json parser online editor,0,5,0%,63.4
json parser online validator,0,5,0%,72.2
online json parser validator,0,5,0%,75.4
jsonformatter,0,5,0%,80.4
compare 2 json objects online,0,5,0%,82.6
json formatter firefox,0,5,0%,84
online json viewer,0,5,0%,87.4
json validator online,0,5,0%,121.2
jsondiff checker,0,4,0%,17.5
parser json online,0,4,0%,32.75
leitor json online,0,4,0%,37.75
online diff json,0,4,0%,38.25
json validator javascript,0,4,0%,38.75
json array validator,0,4,0%,41.5
json online compiler,0,4,0%,42.75
json compare formatter,0,4,0%,45.75
json minify javascript,0,4,0%,47.75
json compiler online,0,4,0%,59.25
парсер json онлайн,0,4,0%,65.5
compare jsons online,0,4,0%,67.75
javascript json parse online,0,4,0%,69.75
json analyzer online,0,4,0%,72
json.parser,0,4,0%,75.75
jason parser,0,4,0%,76.75
json processor online,0,4,0%,79.25
javascript reader online,0,4,0%,80.25
parse js online,0,4,0%,86.75
онлайн парсер json,0,4,0%,87.5
online json decode,0,4,0%,90.25
json schema diff online,0,3,0%,14.67
json reder,0,3,0%,19
json code compiler,0,3,0%,22.33
js object diff online,0,3,0%,27
jason parser online,0,3,0%,34
javascript minify json,0,3,0%,34.67
compare json structure online,0,3,0%,40.33
object diff checker,0,3,0%,43.67
jason reader,0,3,0%,53.33
сравнить json онлайн,0,3,0%,53.67
char diff online,0,3,0%,58
javascript json diff,0,3,0%,58
javascript json reader,0,3,0%,59.33
array parser online,0,3,0%,62.33
json format reader,0,3,0%,64
minifiy json,0,3,0%,71
json парсер онлайн,0,3,0%,71.33
json diff js,0,3,0%,72
jsononline viewer,0,3,0%,81.67
online diff checker json,0,2,0%,17
json text reader,0,2,0%,21
online jason parser,0,2,0%,29
javascript json validator,0,2,0%,33
json minifer,0,2,0%,40.5
js json diff,0,2,0%,44.5
json diff compare online,0,2,0%,46.5
json difference finder,0,2,0%,47
json corrector,0,2,0%,49.5
json formatter js,0,2,0%,50
json mimify,0,2,0%,50
json searcher,0,2,0%,51.5
reader json,0,2,0%,56
online json parsor,0,2,0%,57
json unminify,0,2,0%,58
json detector,0,2,0%,58.5
json read online,0,2,0%,64
online json object viewer,0,2,0%,66.5
json interpreter online,0,2,0%,67
lecteur json online,0,2,0%,67
parse json object online,0,2,0%,69.5
json parse javascript online,0,2,0%,70.5
unminify json,0,2,0%,71
json online compare,0,2,0%,72
json reader chrome,0,2,0%,73.5
check json online,0,2,0%,74.5
json differ,0,2,0%,75.5
json parder,0,2,0%,78.5
json comparison online,0,2,0%,80
minify jso,0,2,0%,81
json formatter checker,0,2,0%,82
json parsers,0,2,0%,82.5
parsing json online,0,2,0%,83.5
json parser tool,0,2,0%,84.5
online parser,0,2,0%,84.5
json minifier online,0,2,0%,85
minify json file,0,2,0%,85.5
json compare tool,0,2,0%,86
jsonvalidatoronline.com,0,2,0%,86.5
json viewer firefox,0,2,0%,87.5
json compare diff,0,2,0%,94.5
online diff checker,0,2,0%,94.5
json formatter mozilla,0,2,0%,96
json online decoder,0,2,0%,98.5
форматтер json,0,2,0%,98.5
checkdiff json,0,1,0%,7
json parseonline,0,1,0%,27
uglify json,0,1,0%,28
jsonparse online,0,1,0%,30
leitor de json online,0,1,0%,30
js json validator,0,1,0%,31
js minify json,0,1,0%,34
json parser viewer,0,1,0%,34
json uglify,0,1,0%,34
diffchecker online,0,1,0%,36
json code reader,0,1,0%,36
json comparer online,0,1,0%,39
compare online json,0,1,0%,41
json formatter compare,0,1,0%,42
json parser validator,0,1,0%,44
online jsonparser,0,1,0%,46
check json difference,0,1,0%,47
online json compare tool,0,1,0%,47
json parse tester,0,1,0%,52
json diff viewer,0,1,0%,57
json.minify,0,1,0%,57
parse javascript online,0,1,0%,57
parse json data online,0,1,0%,57
json parser線上,0,1,0%,58
json mini,0,1,0%,66
diffchecker,0,1,0%,69
compare json in online,0,1,0%,70
jason parsor,0,1,0%,70
json file reader,0,1,0%,72
json pareser,0,1,0%,74
json parcer,0,1,0%,75
api parser online,0,1,0%,78
json decoder,0,1,0%,78
json paser,0,1,0%,78
online json diff checker,0,1,0%,79
json parer,0,1,0%,80
json paresr,0,1,0%,81
json online,0,1,0%,82
форматер json,0,1,0%,82
hangouts json reader,0,1,0%,85
json parse online editor,0,1,0%,86
json parsre,0,1,0%,86
online json,0,1,0%,87
minify josn,0,1,0%,90
online json difference,0,1,0%,91
firefox json formatter,0,1,0%,92
json data parser,0,1,0%,92
json formatter chrome,0,1,0%,92
string diff online,0,1,0%,92
compare object online,0,1,0%,93
json compress online,0,1,0%,93
json checker diff,0,1,0%,95
json object formatter,0,1,0%,98
json readable format online,0,1,0%,98
json string parser online,0,1,0%,98
javascript diff checker,0,1,0%,100
leitor json,0,1,0%,100
online diff,0,1,0%,198